Country,City,Habitat,Point,Temperature,Elevation,Day,Month,Year,hours,minutes,English_Name,age,sex,Count,Sight,Remarks,Audio,Additional_comments
Myanmar,Myeik,UC,MGZUC08,,,3,3,2019,5,53,Asian Koel,n/a,n/a,1,n,,y,
Myanmar,Myeik,UC,MGZUC08,,,3,3,2019,5,53,Common Myna,n/a,n/a,3,n,,y,
Myanmar,Myeik,UC,MGZUC08,,,3,3,2019,5,53,Edible-nest Swiftlet ,n/a,n/a,20,y,Flying Over,n,
Myanmar,Myeik,UC,MGZUC08,,,3,3,2019,5,53,Greater Coucal,n/a,n/a,1,n,,y,
Myanmar,Myeik,UC,MGZUC08,,,3,3,2019,5,53,House Crow,n/a,n/a,1,n,,y,
Myanmar,Myeik,UC,MGZUC08,,,3,3,2019,5,53,Lineated Barbet,n/a,n/a,1,n,,y,
Myanmar,Myeik,UC,MGZUC08,,,3,3,2019,5,53,Little Egret ,n/a,n/a,4,y,Flying Over,n,
Myanmar,Myeik,UC,MGZUC08,,,3,3,2019,5,57,House Swallow,n/a,n/a,7,y,Flying Over,n,
Myanmar,Myeik,UC,MGZUC08,,,3,3,2019,5,59,Greater Coucal,n/a,n/a,1,n,,y,
Myanmar,Myeik,UC,MGZUC08,,,3,3,2019,6,3,Rock Pigeon,n/a,n/a,2,y,Resting,n,
Myanmar,Myeik,UC,MGZUC01,,,3,3,2019,6,13,Common Tailorbird,n/a,n/a,2,n,,y,
Myanmar,Myeik,UC,MGZUC01,,,3,3,2019,6,13,Edible-nest Swiftlet ,n/a,n/a,10,y,Flying Over,n,
Myanmar,Myeik,UC,MGZUC01,,,3,3,2019,6,13,Pond Heron (non-breeding),n/a,n/a,1,y,Flying Over,n,
Myanmar,Myeik,UC,MGZUC01,,,3,3,2019,6,13,Scarlet-backed Flowerpecker,n/a,n/a,1,n,,y,
Myanmar,Myeik,UC,MGZUC01,,,3,3,2019,6,13,Stripe-throated Bulbul,n/a,n/a,1,n,,y,
Myanmar,Myeik,UC,MGZUC01,,,3,3,2019,6,22,Little Egret ,n/a,n/a,1,y,Flying Over,n,
Myanmar,Myeik,UC,MGZUC02,,,3,3,2019,6,35,Asian Koel,n/a,n/a,1,n,,y,
Myanmar,Myeik,UC,MGZUC02,,,3,3,2019,6,35,Common Myna,n/a,n/a,5,y,Flying Over/On ground,y,
Myanmar,Myeik,UC,MGZUC02,,,3,3,2019,6,35,Edible-nest Swiftlet ,n/a,n/a,24,y,Flying Over,n,
Myanmar,Myeik,UC,MGZUC02,,,3,3,2019,6,35,House Crow,n/a,n/a,4,n,,y,
Myanmar,Myeik,UC,MGZUC02,,,3,3,2019,6,44,Large-billed Crow,n/a,n/a,1,y,Flying Over,n,
Myanmar,Myeik,UC,MGZUC10,,,3,3,2019,6,51,Common Myna,n/a,n/a,4,y,On building/ground,n,
Myanmar,Myeik,UC,MGZUC10,,,3,3,2019,6,51,Edible-nest Swiftlet ,n/a,n/a,3,y,Flying Over,n,
Myanmar,Myeik,UC,MGZUC10,,,3,3,2019,6,51,Greater Coucal,n/a,n/a,1,n,,y,
Myanmar,Myeik,UC,MGZUC10,,,3,3,2019,6,51,House Crow,n/a,n/a,4,y,On coconut tree/flying over,n,
Myanmar,Myeik,UC,MGZUC10,,,3,3,2019,6,51,Olive-backed Sunbird,n/a,n/a,2,y,Flying over,n,
Myanmar,Myeik,UC,MGZUC10,,,3,3,2019,6,51,Rock Pigeon,n/a,n/a,7,y,Flying Over,n,
Myanmar,Myeik,UC,MGZUC10,,,3,3,2019,6,51,Scarlet-backed Flowerpecker,n/a,n/a,1,y,Flying over,n,
Myanmar,Myeik,UC,MGZUC10,,,3,3,2019,6,51,Spotted Dove,n/a,n/a,2,y,Bamboo,n,
Myanmar,Myeik,UC,MGZUC10,,,3,3,2019,7,1,Scaly-breasted Munia,n/a,n/a,5,y,Bush,n,
Myanmar,Myeik,UC,MGZUC03,,,3,3,2019,7,12,Asian Brown Flycatcher,n/a,n/a,2,y,On tree,n,
Myanmar,Myeik,UC,MGZUC03,,,3,3,2019,7,12,Black Drongo,n/a,n/a,1,y,On tree,n,
Myanmar,Myeik,UC,MGZUC03,,,3,3,2019,7,12,Black-naped Oriole,n/a,n/a,2,y,On tree,n,
Myanmar,Myeik,UC,MGZUC03,,,3,3,2019,7,12,Common Myna,n/a,n/a,12,y,Foraging on ground,n,
Myanmar,Myeik,UC,MGZUC03,,,3,3,2019,7,12,Common Tailorbird,n/a,n/a,2,n,,y,
Myanmar,Myeik,UC,MGZUC03,,,3,3,2019,7,12,Greater Coucal,n/a,n/a,1,n,,y,
Myanmar,Myeik,UC,MGZUC03,,,3,3,2019,7,12,House Crow,n/a,n/a,1,y,Flying over,n,
Myanmar,Myeik,UC,MGZUC03,,,3,3,2019,7,12,Large-billed Crow,n/a,n/a,2,y,Flying over,n,
Myanmar,Myeik,UC,MGZUC03,,,3,3,2019,7,12,Olive-backed Sunbird,n/a,n/a,1,n,,y,
Myanmar,Myeik,UC,MGZUC03,,,3,3,2019,7,21,Rock Pigeon,n/a,n/a,3,y,Flying over,n,
Myanmar,Myeik,UC,MGZUC04,,,3,3,2019,7,29,Asian Barred Owlet,n/a,n/a,1,y,On tree,n,
Myanmar,Myeik,UC,MGZUC04,,,3,3,2019,7,29,Brown Shrike,n/a,n/a,1,n,,y,
Myanmar,Myeik,UC,MGZUC04,,,3,3,2019,7,29,Common Tailorbird,n/a,n/a,2,n,,y,
Myanmar,Myeik,UC,MGZUC04,,,3,3,2019,7,29,Lineated Barbet,n/a,n/a,1,n,,y,
Myanmar,Myeik,UC,MGZUC04,,,3,3,2019,7,29,Scarlet-backed Flowerpecker,n/a,n/a,4,y,,,
Myanmar,Myeik,UC,MGZUC04,,,3,3,2019,7,29,Yellow-vented Bulbul,n/a,n/a,1,y,On tree,y,
Myanmar,Myeik,UC,MGZUC04,,,3,3,2019,7,38,Asian Brown Flycatcher,n/a,n/a,1,n,,y,
Myanmar,Myeik,UC,MGZUC05,,,3,3,2019,7,43,Asian Koel,n/a,n/a,1,n,,y,
Myanmar,Myeik,UC,MGZUC05,,,3,3,2019,7,43,Brown Shrike,n/a,n/a,1,y,,y,
Myanmar,Myeik,UC,MGZUC05,,,3,3,2019,7,43,Dusky Warbler,n/a,n/a,5,y,,n,
Myanmar,Myeik,UC,MGZUC05,,,3,3,2019,7,43,Rock Pigeon,n/a,n/a,3,y,Flying Over,n,
Myanmar,Myeik,UC,MGZUC05,,,3,3,2019,7,43,Scaly-breasted Munia,n/a,n/a,30,y,,n,
Myanmar,Myeik,UC,MGZUC05,,,3,3,2019,7,43,Spotted Dove,n/a,n/a,2,y,,n,
Myanmar,Myeik,UC,MGZUC05,,,3,3,2019,7,43,White-rumped Munia ,n/a,n/a,50,y,bush,n,
Myanmar,Myeik,UC,MGZUC05,,,3,3,2019,7,43,Yellow-vented Bulbul,n/a,n/a,1,n,,y,
Myanmar,Myeik,UC,MGZUC05,,,3,3,2019,7,52,Black-naped Oriole,n/a,n/a,1,y,,n,
Myanmar,Myeik,UC,MGZUC07,,,3,3,2019,8,0,Common Myna,n/a,n/a,5,y,,n,
Myanmar,Myeik,UC,MGZUC07,,,3,3,2019,8,0,Common Tailorbird,n/a,n/a,1,n,,y,
Myanmar,Myeik,UC,MGZUC07,,,3,3,2019,8,0,Greater Coucal,n/a,n/a,2,y,On ground,n,
Myanmar,Myeik,UC,MGZUC07,,,3,3,2019,8,0,Green-billed Malkoha,n/a,n/a,2,y,On tree,n,
Myanmar,Myeik,UC,MGZUC07,,,3,3,2019,8,0,House Crow,n/a,n/a,2,y,,n,
Myanmar,Myeik,UC,MGZUC07,,,3,3,2019,8,0,Stripe-throated Bulbul,n/a,n/a,4,n,,y,
Myanmar,Myeik,UC,MGZUC07,,,3,3,2019,8,11,Asian Koel,n/a,Male,1,y,On tree,n,
Myanmar,Myeik,UC,MGZUC06,,,3,3,2019,8,19,Asian Koel,n/a,n/a,1,n,,y,Noise
Myanmar,Myeik,UC,MGZUC06,,,3,3,2019,8,19,Common Myna,n/a,n/a,2,y,On building,n,Noise
Myanmar,Myeik,UC,MGZUC06,,,3,3,2019,8,19,Edible-nest Swiftlet ,n/a,n/a,1,y,Flying over,n,Noise
Myanmar,Myeik,UC,MGZUC06,,,3,3,2019,8,19,Greater Coucal,n/a,n/a,1,y,On bamboo,n,Noise
Myanmar,Myeik,UC,MGZUC06,,,3,3,2019,8,19,House Crow,n/a,n/a,3,y,On ground,n,Noise
Myanmar,Myeik,UC,MGZUC06,,,3,3,2019,8,19,Jungle Myna,n/a,n/a,10,y,Flying over,n,Noise
Myanmar,Myeik,UC,MGZUC06,,,3,3,2019,8,28,Stripe-throated Bulbul,n/a,n/a,1,y,,n,Noise
Myanmar,Myeik,UC,MGZUC09,,,3,3,2019,8,36,Common Tailorbird,n/a,n/a,1,n,,y,
Myanmar,Myeik,UC,MGZUC09,,,3,3,2019,8,36,House Crow,n/a,n/a,6,y,,y,
Myanmar,Myeik,UC,MGZUC09,,,3,3,2019,8,36,Rock Pigeon,n/a,n/a,5,y,Flying over,n,
Myanmar,Myeik,UC,MGZUC09,,,3,3,2019,8,36,Spotted Dove,n/a,n/a,8,y,Flying over,n,
Myanmar,Myeik,UC,MGZUC09,,,3,3,2019,8,45,Common Myna,n/a,n/a,6,y,Carrying grass,n,
Myanmar,Myeik,MH,MGZMH09,25,,4,3,2019,6,39,Asian Koel,n/a,n/a,1,n,,y,
Myanmar,Myeik,MH,MGZMH09,25,,4,3,2019,6,39,Greater Coucal,n/a,n/a,1,n,,y,
Myanmar,Myeik,MH,MGZMH09,25,,4,3,2019,6,39,Olive-backed Sunbird,n/a,n/a,1,n,,y,
Myanmar,Myeik,MH,MGZMH09,25,,4,3,2019,6,39,Scarlet-backed Flowerpecker,n/a,n/a,1,n,,y,
Myanmar,Myeik,MH,MGZMH09,25,,4,3,2019,6,41,Warbler sp.,n/a,n/a,1,y,On bamboo tree,n,
Myanmar,Myeik,MH,MGZMH09,25,,4,3,2019,6,47,Common Tailorbird,n/a,n/a,1,n,,y,
Myanmar,Myeik,MH,MGZMH09,25,,4,3,2019,6,47,Edible-nest Swiftlet ,n/a,n/a,1,y,Flying over,n,
Myanmar,Myeik,MH,MGZMH09,25,,4,3,2019,6,47,Yellow-vented Bulbul,n/a,n/a,3,y,Flying over,y,
Myanmar,Myeik,MH,MGZMH09,25,,4,3,2019,6,48,Black-naped Oriole,n/a,n/a,1,n,,y,
Myanmar,Myeik,MH,MGZMH09,25,,4,3,2019,6,49,White-rumped Munia ,n/a,n/a,1,n,,y,
Myanmar,Myeik,MH,MGZMH08,25,,4,3,2019,6,55,Amur Falcon,n/a,n/a,1,y,Flying over,n,
Myanmar,Myeik,MH,MGZMH08,25,,4,3,2019,6,55,Little Cormorant,n/a,n/a,1,y,Near pond ,n,
Myanmar,Myeik,MH,MGZMH08,25,,4,3,2019,6,55,Little Grebe,n/a,n/a,2,n,Swimming ,n,
Myanmar,Myeik,MH,MGZMH08,25,,4,3,2019,6,55,Scarlet-backed Flowerpecker,n/a,n/a,1,n,,y,
Myanmar,Myeik,MH,MGZMH08,25,,4,3,2019,6,55,Stripe-throated Bulbul,n/a,n/a,1,n,,y,
Myanmar,Myeik,MH,MGZMH08,25,,4,3,2019,7,1,Brahminy Kite,n/a,n/a,2,n,Flying over,n,
Myanmar,Myeik,MH,MGZMH08,25,,4,3,2019,7,1,Yellow-vented Bulbul,n/a,n/a,1,y, Top of tree,y,
Myanmar,Myeik,MH,MGZMH08,25,,4,3,2019,7,5,Oriental White-eye,n/a,n/a,8,y,Flying over,n,
Myanmar,Myeik,MH,MGZMH01,25,,4,3,2019,7,17,Ashy Drongo,n/a,n/a,1,n,,y,
Myanmar,Myeik,MH,MGZMH01,25,,4,3,2019,7,17,Edible-nest Swiftlet ,n/a,n/a,10,y,Flying over,n,
Myanmar,Myeik,MH,MGZMH01,25,,4,3,2019,7,18,Black-naped Oriole,n/a,n/a,1,n,,y,
Myanmar,Myeik,MH,MGZMH01,25,,4,3,2019,7,18,House Crow,n/a,n/a,1,n,,y,
Myanmar,Myeik,MH,MGZMH01,25,,4,3,2019,7,18,Scarlet-backed Flowerpecker,n/a,n/a,1,y,On tree,n,
Myanmar,Myeik,MH,MGZMH01,25,,4,3,2019,7,23,Olive-backed Sunbird,n/a,n/a,1,y,,n,
Myanmar,Myeik,MH,MGZMH02,26,,4,3,2019,7,45,Black Drongo,n/a,n/a,1,n,,y,
Myanmar,Myeik,MH,MGZMH02,26,,4,3,2019,7,45,Common Hill-myna,n/a,n/a,1,y,,n,
Myanmar,Myeik,MH,MGZMH02,26,,4,3,2019,7,45,Greater Coucal,n/a,n/a,1,n,,y,
Myanmar,Myeik,MH,MGZMH02,26,,4,3,2019,7,45,Stripe-throated Bulbul,n/a,n/a,1,n,,y,
Myanmar,Myeik,MH,MGZMH02,26,,4,3,2019,7,45,Warbler sp.,n/a,n/a,1,n,,y,
Myanmar,Myeik,MH,MGZMH02,26,,4,3,2019,7,45,Yellow-vented Bulbul,n/a,n/a,1,n,,y,
Myanmar,Myeik,MH,MGZMH02,26,,4,3,2019,7,49,Lineated Barbet,n/a,n/a,1,n,,y,
Myanmar,Myeik,MH,MGZMH02,26,,4,3,2019,7,49,Shikra,n/a,n/a,1,n,,y,
Myanmar,Myeik,MH,MGZMH02,26,,4,3,2019,7,55,White-rumped Munia ,n/a,n/a,1,y,,n,
Myanmar,Myeik,MH,MGZMH03,26,,4,3,2019,8,15,Black-naped Oriole,n/a,n/a,1,n,,y,
Myanmar,Myeik,MH,MGZMH03,26,,4,3,2019,8,15,Brahminy Kite,n/a,n/a,1,n,,y,
Myanmar,Myeik,MH,MGZMH03,26,,4,3,2019,8,15,Edible-nest Swiftlet ,n/a,n/a,1,y,Flying over,n,
Myanmar,Myeik,MH,MGZMH03,26,,4,3,2019,8,15,Scarlet-backed Flowerpecker,n/a,n/a,1,n,,y,
Myanmar,Myeik,MH,MGZMH03,26,,4,3,2019,8,25,House Crow,n/a,n/a,1,n,,y,
Myanmar,Myeik,MH,MGZMH10,26,,4,3,2019,8,36,Warbler sp.,n/a,n/a,1,n,,y,
Myanmar,Myeik,MH,MGZMH10,26,,4,3,2019,8,43,Crested Serpent-eagle,n/a,n/a,1,n,,y,
Myanmar,Myeik,MH,MGZMH10,26,,4,3,2019,8,45,Vernal Hanging-parrot,n/a,n/a,1,n,,y,
Myanmar,Myeik,MH,MGZMH04,26,,4,3,2019,8,58,Crested Serpent-eagle,n/a,n/a,2,y,Flying over,n,
Myanmar,Myeik,MH,MGZMH04,26,,4,3,2019,8,58,Edible-nest Swiftlet ,n/a,n/a,1,y,Flying over,n,
Myanmar,Myeik,MH,MGZMH04,26,,4,3,2019,8,58,Stripe-throated Bulbul,n/a,n/a,1,n,,y,
Myanmar,Myeik,MH,MGZMH04,26,,4,3,2019,8,58,Warbler sp.,n/a,n/a,1,n,,y,
Myanmar,Myeik,MH,MGZMH04,26,,4,3,2019,8,58,White-rumped Munia ,n/a,n/a,1,n,,y,
Myanmar,Myeik,MH,MGZMH04,26,,4,3,2019,9,7,Red-whiskered Bulbul,n/a,n/a,1,n,,y,
Myanmar,Myeik,MH,MGZMH05,31,,4,3,2019,9,48,Black-naped Oriole,n/a,n/a,1,y,Flying over,n,
Myanmar,Myeik,MH,MGZMH05,31,,4,3,2019,9,48,Brown Shrike,n/a,n/a,1,y,Flying over,n,
Myanmar,Myeik,MH,MGZMH05,31,,4,3,2019,9,48,Common Myna,n/a,n/a,1,y,,n,
Myanmar,Myeik,MH,MGZMH05,31,,4,3,2019,9,48,Edible-nest Swiftlet ,n/a,n/a,1,y,Flying over,n,
Myanmar,Myeik,MH,MGZMH05,31,,4,3,2019,9,48,Little Grebe,n/a,n/a,5,y,Rest on  lake,n,
Myanmar,Myeik,MH,MGZMH05,31,,4,3,2019,9,48,Oriental Magpie Robin ,n/a,n/a,1,n,,y,
Myanmar,Myeik,MH,MGZMH05,31,,4,3,2019,9,48,Oriental White-eye,n/a,n/a,2,y,,n,
Myanmar,Myeik,MH,MGZMH05,31,,4,3,2019,9,48,Pond Heron (non-breeding),n/a,n/a,1,y,,n,
Myanmar,Myeik,MH,MGZMH05,31,,4,3,2019,9,58,Scarlet-backed Flowerpecker,n/a,n/a,2,y,Flying over,y,
Myanmar,Myeik,MH,MGZMH06,31,,4,3,2019,10,8,Barn Swallow,n/a,n/a,1,y,rest on mangrove,n,
Myanmar,Myeik,MH,MGZMH06,31,,4,3,2019,10,8,Black Drongo,n/a,n/a,1,y,rest on mangrove,n,
Myanmar,Myeik,MH,MGZMH06,31,,4,3,2019,10,8,Common Myna,n/a,n/a,2,n,,y,
Myanmar,Myeik,MH,MGZMH06,31,,4,3,2019,10,8,Oriental White-eye,n/a,n/a,1,y,Flying over,n,
Myanmar,Myeik,MH,MGZMH06,31,,4,3,2019,10,8,Pond Heron (non-breeding),n/a,n/a,1,y,near coast,n,
Myanmar,Myeik,MH,MGZMH06,31,,4,3,2019,10,8,Yellow-vented Bulbul,n/a,n/a,2,n,,y,
Myanmar,Myeik,MH,MGZMH06,31,,4,3,2019,10,17,Warbler sp.,n/a,n/a,1,y,,n,
Myanmar,Myeik,MH,MGZMH07,31,,4,3,2019,10,23,Barn Swallow,n/a,n/a,2,y,,n,
Myanmar,Myeik,MH,MGZMH07,31,,4,3,2019,10,23,Brown Shrike,n/a,n/a,1,y,on tree,n,
Myanmar,Myeik,MH,MGZMH07,31,,4,3,2019,10,23,Eurasian Tree Sparrow,n/a,n/a,1,y,,n,
Myanmar,Myeik,MH,MGZMH07,31,,4,3,2019,10,23,House Crow,n/a,n/a,1,n,,y,
Myanmar,Myeik,MH,MGZMH07,31,,4,3,2019,10,23,Olive-backed Sunbird,n/a,n/a,1,n,,y,
Myanmar,Myeik,MH,MGZMH07,31,,4,3,2019,10,23,White Wagtail,n/a,n/a,1,n,,y,
Myanmar,Myeik,MH,MGZMH07,31,,4,3,2019,10,32,Brahminy Kite,n/a,n/a,1,y,Flying over,n,
Myanmar,Myeik,PF,MGZPF01,24,,5,3,2019,6,4,Black shouldered Kite,n/a,n/a,1,y,,y,
Myanmar,Myeik,PF,MGZPF01,24,,5,3,2019,6,4,Brown Shrike,n/a,n/a,1,n,,y,
Myanmar,Myeik,PF,MGZPF01,24,,5,3,2019,6,4,Common Myna,n/a,n/a,2,n,,y,
Myanmar,Myeik,PF,MGZPF01,24,,5,3,2019,6,4,Dusky Warbler,n/a,n/a,1,y,,y,
Myanmar,Myeik,PF,MGZPF01,24,,5,3,2019,6,4,Edible-nest Swiftlet ,n/a,n/a,30,y,Flying over,n,
Myanmar,Myeik,PF,MGZPF01,24,,5,3,2019,6,4,Large-billed Crow,n/a,n/a,2,y,,n,
Myanmar,Myeik,PF,MGZPF01,24,,5,3,2019,6,4,Pond Heron (non-breeding),n/a,n/a,1,y,,y,
Myanmar,Myeik,PF,MGZPF01,24,,5,3,2019,6,4,Zitting Cisticola,n/a,n/a,4,y,Flying over,n,
Myanmar,Myeik,PF,MGZPF01,24,,5,3,2019,6,14,Jungle Myna,n/a,n/a,1,n,,y,
Myanmar,Myeik,PF,MGZPF03,24,,5,3,2019,6,32,Asian Brown Flycatcher,n/a,n/a,1,n,,y,
Myanmar,Myeik,PF,MGZPF03,24,,5,3,2019,6,32,Collared Kingfisher,n/a,n/a,1,n,,y,
Myanmar,Myeik,PF,MGZPF03,24,,5,3,2019,6,32,Common Iora,n/a,n/a,1,n,,y,
Myanmar,Myeik,PF,MGZPF03,24,,5,3,2019,6,32,Common Myna,n/a,n/a,1,y,Flying over,n,
Myanmar,Myeik,PF,MGZPF03,24,,5,3,2019,6,32,Golden-bellied Gerygone,n/a,n/a,1,n,,y,
Myanmar,Myeik,PF,MGZPF03,24,,5,3,2019,6,32,Greater Racked-tailed Drongo,n/a,n/a,1,n,,y,
Myanmar,Myeik,PF,MGZPF03,24,,5,3,2019,6,32,Harrier sp.,n/a,n/a,1,y,Flying over,y,
Myanmar,Myeik,PF,MGZPF03,24,,5,3,2019,6,32,House Crow,n/a,n/a,6,y,Flying over,n,
Myanmar,Myeik,PF,MGZPF03,24,,5,3,2019,6,32,Jungle Myna,n/a,n/a,15,y,Flying over,y,
Myanmar,Myeik,PF,MGZPF03,24,,5,3,2019,6,32,Oriental White-eye,n/a,n/a,1,n,,y,
Myanmar,Myeik,PF,MGZPF03,24,,5,3,2019,6,32,Small Minivet,n/a,n/a,1,n,,y,
Myanmar,Myeik,PF,MGZPF03,24,,5,3,2019,6,32,Spotted Dove,n/a,n/a,1,y,On ground,n,
Myanmar,Myeik,PF,MGZPF03,24,,5,3,2019,6,42,Black Drongo,n/a,n/a,1,y,,y,
Myanmar,Myeik,PF,MGZPF02,24,,5,3,2019,7,0,Black Drongo,n/a,n/a,2,y,Rest on tree,n,
Myanmar,Myeik,PF,MGZPF02,24,,5,3,2019,7,0,Black shouldered Kite,n/a,n/a,2,y,Rest on tree,n,
Myanmar,Myeik,PF,MGZPF02,24,,5,3,2019,7,0,Brahminy Kite,n/a,n/a,1,y,Foraging ,n,
Myanmar,Myeik,PF,MGZPF02,24,,5,3,2019,7,0,Common Myna,n/a,n/a,3,y,Flying over,n,
Myanmar,Myeik,PF,MGZPF02,24,,5,3,2019,7,0,House Crow,n/a,n/a,2,y,Flying over,y,
Myanmar,Myeik,PF,MGZPF02,24,,5,3,2019,7,0,Jungle Myna,n/a,n/a,50,y,Flying over,n,
Myanmar,Myeik,PF,MGZPF02,24,,5,3,2019,7,0,Pond Heron (non-breeding),n/a,n/a,2,y,Flying over,n,
Myanmar,Myeik,PF,MGZPF02,24,,5,3,2019,7,0,Scaly-breasted Munia,n/a,n/a,100,y,On ground,y,
Myanmar,Myeik,PF,MGZPF02,24,,5,3,2019,7,0,White-rumped Munia ,n/a,n/a,100,y,On ground,y,
Myanmar,Myeik,PF,MGZPF02,24,,5,3,2019,7,0,Zitting Cisticola,n/a,n/a,1,n,,y,
Myanmar,Myeik,PF,MGZPF02,24,,5,3,2019,7,10,Spotted Dove,n/a,n/a,1,y,Rest on Paddy Field,n,
Myanmar,Myeik,PF,MGZPF04,26,,5,3,2019,7,54,Black Drongo,n/a,n/a,1,y,Rest on ground,n,
Myanmar,Myeik,PF,MGZPF04,26,,5,3,2019,7,54,Collared Kingfisher,n/a,n/a,1,y,Rest on tree,n,
Myanmar,Myeik,PF,MGZPF04,26,,5,3,2019,7,54,Common Myna,n/a,n/a,2,y,Flying over,n,
Myanmar,Myeik,PF,MGZPF04,26,,5,3,2019,7,54,Dusky Warbler,n/a,n/a,1,n,,y,
Myanmar,Myeik,PF,MGZPF04,26,,5,3,2019,7,54,Eastern Cattle Egret,n/a,n/a,4,y,Rest on ground,n,
Myanmar,Myeik,PF,MGZPF04,26,,5,3,2019,7,54,Edible-nest Swiftlet ,n/a,n/a,12,y,Flying over,n,
Myanmar,Myeik,PF,MGZPF04,26,,5,3,2019,7,54,Jungle Myna,n/a,n/a,20,y,Flying over,n,
Myanmar,Myeik,PF,MGZPF04,26,,5,3,2019,7,54,Large-billed Crow,n/a,n/a,1,y,Flying over,y,
Myanmar,Myeik,PF,MGZPF04,26,,5,3,2019,7,54,Pond Heron (non-breeding),n/a,n/a,16,y,Top of tree,n,
Myanmar,Myeik,PF,MGZPF04,26,,5,3,2019,7,54,Red-breasted Parakeet,n/a,n/a,3,y,Flying over,y,
Myanmar,Myeik,PF,MGZPF04,26,,5,3,2019,7,54,Scaly-breasted Munia,n/a,n/a,5,y,On ground,n,
Myanmar,Myeik,PF,MGZPF04,26,,5,3,2019,7,54,White-throated Kingfisher,n/a,n/a,2,n,,y,
Myanmar,Myeik,PF,MGZPF04,26,,5,3,2019,7,54,Zitting Cisticola,n/a,n/a,1,n,,y,
Myanmar,Myeik,PF,MGZPF04,26,,5,3,2019,8,4,Common Tailorbird,n/a,n/a,1,n,,y,
Myanmar,Myeik,PF,MGZPF10,27,,5,3,2019,8,8,Brahminy Kite,n/a,n/a,1,y,Flying over,n,
Myanmar,Myeik,PF,MGZPF10,27,,5,3,2019,8,8,Common Myna,n/a,n/a,11,y,Flying over,n,
Myanmar,Myeik,PF,MGZPF10,27,,5,3,2019,8,8,Eastern Cattle Egret,n/a,n/a,3,y,On ground,n,
Myanmar,Myeik,PF,MGZPF10,27,,5,3,2019,8,8,Edible-nest Swiftlet ,n/a,n/a,5,y,Flying over,n,
Myanmar,Myeik,PF,MGZPF10,27,,5,3,2019,8,8,Little Egret ,n/a,n/a,2,y,On ground,n,
Myanmar,Myeik,PF,MGZPF10,27,,5,3,2019,8,8,Red-wattled Lapwing,n/a,n/a,1,y,Rest on Paddy Field,n,
Myanmar,Myeik,PF,MGZPF10,27,,5,3,2019,8,8,Spotted Dove,n/a,n/a,1,y,On tree,n,
Myanmar,Myeik,PF,MGZPF10,27,,5,3,2019,8,8,Yellow-vented Bulbul,n/a,n/a,3,y,Flying over,n,
Myanmar,Myeik,PF,MGZPF10,27,,5,3,2019,8,18,Eastern Stonechat,n/a,pair,2,y,Rest on bush,n,
Myanmar,Myeik,PF,MGZPF09,28,,5,3,2019,8,53,Barn Swallow,n/a,n/a,5,y,Flying over,n,Cloudy
Myanmar,Myeik,PF,MGZPF09,28,,5,3,2019,8,53,Black Drongo,n/a,n/a,2,y,Rest on branch,n,Cloudy
Myanmar,Myeik,PF,MGZPF09,28,,5,3,2019,8,53,Brown Shrike,n/a,n/a,1,n,,y,Cloudy
Myanmar,Myeik,PF,MGZPF09,28,,5,3,2019,8,53,Common Kestrel,n/a,n/a,1,y,Flying over,n,Cloudy
Myanmar,Myeik,PF,MGZPF09,28,,5,3,2019,8,53,Eastern Stonechat,n/a,pair,2,y,Rest on bush,n,Cloudy
Myanmar,Myeik,PF,MGZPF09,28,,5,3,2019,8,53,Edible-nest Swiftlet ,n/a,n/a,20,y,Flying over,n,Cloudy
Myanmar,Myeik,PF,MGZPF09,28,,5,3,2019,8,53,Paddyfield Pipit,n/a,n/a,1,y,On ground,n,Cloudy
Myanmar,Myeik,PF,MGZPF09,28,,5,3,2019,9,3,Oriental Skylark,n/a,n/a,1,n,,y,Cloudy
Myanmar,Myeik,PF,MGZPF08,29,,5,3,2019,9,9,Asian Pied Starling,n/a,n/a,2,y,Flying over,y,
Myanmar,Myeik,PF,MGZPF08,29,,5,3,2019,9,9,Black Drongo,n/a,n/a,3,y,On Paddy Field,n,
Myanmar,Myeik,PF,MGZPF08,29,,5,3,2019,9,9,Black-eared Kite,n/a,n/a,3,y,Flying over,n,
Myanmar,Myeik,PF,MGZPF08,29,,5,3,2019,9,9,Eastern Cattle Egret,n/a,n/a,6,y,Riding Bufflo,n,
Myanmar,Myeik,PF,MGZPF08,29,,5,3,2019,9,9,Eastern Stonechat,n/a,pair,2,y,Rest on bush,n,
Myanmar,Myeik,PF,MGZPF08,29,,5,3,2019,9,9,Edible-nest Swiftlet ,n/a,n/a,20,y,Flying over,n,
Myanmar,Myeik,PF,MGZPF08,29,,5,3,2019,9,9,Jungle Myna,n/a,n/a,2,y,Flying over,n,
Myanmar,Myeik,PF,MGZPF08,29,,5,3,2019,9,19,Black Kite,n/a,n/a,1,y,Flying over,n,
Myanmar,Myeik,PF,MGZPF07,29,,5,3,2019,9,24,Eastern Stonechat,n/a,2 pairs,4,y,Rest on bush,n,Cloudy
Myanmar,Myeik,PF,MGZPF07,29,,5,3,2019,9,24,Edible-nest Swiftlet ,n/a,n/a,5,y,Flying over,n,Cloudy
Myanmar,Myeik,PF,MGZPF07,29,,5,3,2019,9,24,Little Green Bee-eater,n/a,n/a,1,y,Foraging,n,Cloudy
Myanmar,Myeik,PF,MGZPF07,29,,5,3,2019,9,24,Oriental Skylark,n/a,n/a,2,y,Flying over,n,Cloudy
Myanmar,Myeik,PF,MGZPF07,29,,5,3,2019,9,34,Black Drongo,n/a,n/a,1,y,Rest on branch,n,Cloudy
Myanmar,Myeik,PF,MGZPF06,30,,5,3,2019,9,41,Common Myna,n/a,n/a,1,n,,y,Cloudy
Myanmar,Myeik,PF,MGZPF06,30,,5,3,2019,9,41,Eastern Stonechat,n/a,pair,2,y,Rest on bush,n,Cloudy
Myanmar,Myeik,PF,MGZPF06,30,,5,3,2019,9,41,Edible-nest Swiftlet ,n/a,n/a,9,y,Flying over,n,Cloudy
Myanmar,Myeik,PF,MGZPF06,30,,5,3,2019,9,41,Paddyfield Pipit,n/a,n/a,2,y,Foraging,n,Cloudy
Myanmar,Myeik,PF,MGZPF06,30,,5,3,2019,9,41,Zitting Cisticola,n/a,n/a,1,y,Rest on bush,n,Cloudy
Myanmar,Myeik,PF,MGZPF06,30,,5,3,2019,9,51,Black Kite,n/a,n/a,2,y,Flying over,n,Cloudy
Myanmar,Myeik,PF,MGZPF05,30,,5,3,2019,9,57,Black Drongo,n/a,n/a,3,y,On ground,n,Cloudy
Myanmar,Myeik,PF,MGZPF05,30,,5,3,2019,9,57,Little Green Bee-eater,n/a,n/a,1,y,On Paddy Field,n,Cloudy
Myanmar,Myeik,PF,MGZPF05,30,,5,3,2019,9,57,Oriental Skylark,n/a,n/a,1,y,On Paddy Field,n,Cloudy
Myanmar,Myeik,PF,MGZPF05,30,,5,3,2019,9,57,Paddyfield Pipit,n/a,n/a,1,y,On Paddy Field,n,Cloudy
Myanmar,Myeik,PF,MGZPF05,30,,5,3,2019,9,57,Scaly-breasted Munia,n/a,n/a,1,y,On Paddy Field,n,Cloudy
Myanmar,Myeik,PF,MGZPF05,30,,5,3,2019,10,7,Barn Swallow,n/a,n/a,3,y,Flying over,n,Cloudy
Myanmar,Myeik,DT,MGZDT10,24,,6,3,2019,5,56,Edible-nest Swiftlet ,n/a,n/a,25,y,on building,n,
Myanmar,Myeik,DT,MGZDT10,24,,6,3,2019,5,56,Eurasian Tree Sparrow,n/a,n/a,20,y,,n,
Myanmar,Myeik,DT,MGZDT10,24,,6,3,2019,5,56,House Crow,n/a,n/a,8,y,on wire,n,
Myanmar,Myeik,DT,MGZDT10,24,,6,3,2019,5,56,Rock Pigeon ,n/a,n/a,18,y,on building,n,
Myanmar,Myeik,DT,MGZDT10,24,,6,3,2019,6,6,Common Myna,n/a,n/a,6,y,,n,
Myanmar,Myeik,DT,MGZDT02,24,,6,3,2019,6,14,Common Myna,n/a,n/a,5,y,on building,n,
Myanmar,Myeik,DT,MGZDT02,24,,6,3,2019,6,14,Eurasian Tree Sparrow,n/a,n/a,6,y,,n,
Myanmar,Myeik,DT,MGZDT02,24,,6,3,2019,6,14,House Crow,n/a,n/a,2,y,,n,
Myanmar,Myeik,DT,MGZDT02,24,,6,3,2019,6,14,Rock Pigeon ,n/a,n/a,69,y,,n,
Myanmar,Myeik,DT,MGZDT02,24,,6,3,2019,6,24,Edible-nest Swiftlet ,n/a,n/a,16,y,Flying over,n,
Myanmar,Myeik,DT,MGZDT01,24,,6,3,2019,6,28,Barn Swallow,n/a,n/a,3,y,Flying over,n,
Myanmar,Myeik,DT,MGZDT01,24,,6,3,2019,6,28,Common Tailorbird,n/a,n/a,1,y,,n,
Myanmar,Myeik,DT,MGZDT01,24,,6,3,2019,6,28,Edible-nest Swiftlet ,n/a,n/a,5,y,on building,n,
Myanmar,Myeik,DT,MGZDT01,24,,6,3,2019,6,28,House Crow,n/a,n/a,10,y,,n,
Myanmar,Myeik,DT,MGZDT01,24,,6,3,2019,6,28,Rock Pigeon ,n/a,n/a,6,y,,n,
Myanmar,Myeik,DT,MGZDT01,24,,6,3,2019,6,38,Common Myna,n/a,n/a,4,y,,n,
Myanmar,Myeik,DT,MGZDT03,24,,6,3,2019,6,41,Common Tailorbird,n/a,n/a,1,n,,y,
Myanmar,Myeik,DT,MGZDT03,24,,6,3,2019,6,41,Edible-nest Swiftlet ,n/a,n/a,7,y,Flying over,n,
Myanmar,Myeik,DT,MGZDT03,24,,6,3,2019,6,41,Eurasian Tree Sparrow,n/a,n/a,7,y,,n,
Myanmar,Myeik,DT,MGZDT03,24,,6,3,2019,6,41,House Crow,n/a,n/a,13,y,"Perch on tree branch and
 carry nest material",n,
Myanmar,Myeik,DT,MGZDT03,24,,6,3,2019,6,41,Rock Pigeon ,n/a,n/a,7,y,"Flying over, on building",n,
Myanmar,Myeik,DT,MGZDT03,24,,6,3,2019,6,51,Brahminy Kite,n/a,n/a,1,y,Flying over,n,
Myanmar,Myeik,DT,MGZDT04,24,,6,3,2019,7,9,Brahminy Kite,n/a,n/a,1,y,Flying over,n,
Myanmar,Myeik,DT,MGZDT04,24,,6,3,2019,7,9,Common Myna,n/a,n/a,2,y,,n,
Myanmar,Myeik,DT,MGZDT04,24,,6,3,2019,7,9,Eurasian Tree Sparrow,n/a,n/a,6,y,on building,n,
Myanmar,Myeik,DT,MGZDT04,24,,6,3,2019,7,9,House Crow,n/a,n/a,4,y,Flying over,n,
Myanmar,Myeik,DT,MGZDT04,24,,6,3,2019,7,9,Rock Pigeon ,n/a,n/a,100,y,On ground,y,
Myanmar,Myeik,DT,MGZDT04,24,,6,3,2019,7,19,Edible-nest Swiftlet ,n/a,n/a,1,y,Flying over,n,
Myanmar,Myeik,DT,MGZDT05,24,,6,3,2019,7,25,Common Myna,n/a,n/a,4,y,,n,
Myanmar,Myeik,DT,MGZDT05,24,,6,3,2019,7,25,Edible-nest Swiftlet ,n/a,n/a,6,y,Flying over,n,
Myanmar,Myeik,DT,MGZDT05,24,,6,3,2019,7,25,Eurasian Tree Sparrow,n/a,n/a,15,y,,n,
Myanmar,Myeik,DT,MGZDT05,24,,6,3,2019,7,25,House Crow,n/a,n/a,15,y,Flying over,y,
Myanmar,Myeik,DT,MGZDT05,24,,6,3,2019,7,25,Rock Pigeon ,n/a,n/a,75,y,On ground,n,
Myanmar,Myeik,DT,MGZDT05,24,,6,3,2019,7,35,Brahminy Kite,n/a,n/a,2,y,Flying over,n,
Myanmar,Myeik,DT,MGZDT07,25,,6,3,2019,7,43,Common Myna,n/a,n/a,3,y,Flying over,n,
Myanmar,Myeik,DT,MGZDT07,25,,6,3,2019,7,43,House Crow,n/a,n/a,13,y,On tree,n,
Myanmar,Myeik,DT,MGZDT07,25,,6,3,2019,7,43,Rock Pigeon ,n/a,n/a,11,y,On ground,n,
Myanmar,Myeik,DT,MGZDT07,25,,6,3,2019,7,53,Eurasian Tree Sparrow,n/a,n/a,8,y,,n,
Myanmar,Myeik,DT,MGZDT06,25,,6,3,2019,7,57,Common Myna,n/a,n/a,3,y,On tree,n,
Myanmar,Myeik,DT,MGZDT06,25,,6,3,2019,7,57,Edible-nest Swiftlet ,n/a,n/a,4,y,Flying over,n,
Myanmar,Myeik,DT,MGZDT06,25,,6,3,2019,7,57,Eurasian Tree Sparrow,n/a,n/a,6,y,on wire,n,
Myanmar,Myeik,DT,MGZDT06,25,,6,3,2019,7,57,House Crow,n/a,n/a,13,y,On tree,y,
Myanmar,Myeik,DT,MGZDT06,25,,6,3,2019,7,57,Olive-backed Sunbird,n/a,n/a,1,n,,y,
Myanmar,Myeik,DT,MGZDT06,25,,6,3,2019,7,57,Rock Pigeon ,n/a,n/a,100,y,on wire,n,
Myanmar,Myeik,DT,MGZDT06,25,,6,3,2019,7,57,Scaly-breasted Munia,n/a,n/a,1,y,,n,
Myanmar,Myeik,DT,MGZDT06,25,,6,3,2019,8,7,Brahminy Kite,n/a,n/a,1,y,Flying over,n,
Myanmar,Myeik,DT,MGZDT08,25,,6,3,2019,8,20,Brahminy Kite,n/a,n/a,1,y,Flying over,n,
Myanmar,Myeik,DT,MGZDT08,25,,6,3,2019,8,20,Common Myna,n/a,n/a,3,y,On tree,n,
Myanmar,Myeik,DT,MGZDT08,25,,6,3,2019,8,20,Edible-nest Swiftlet ,n/a,n/a,1,y,Flying over,n,
Myanmar,Myeik,DT,MGZDT08,25,,6,3,2019,8,20,Eurasian Tree Sparrow,Adult&Juv,n/a,6,y,,n,
Myanmar,Myeik,DT,MGZDT08,25,,6,3,2019,8,20,House Crow,n/a,n/a,7,y,Flying over,n,
Myanmar,Myeik,DT,MGZDT08,25,,6,3,2019,8,20,Rock Pigeon ,n/a,n/a,5,y,,n,
Myanmar,Myeik,DT,MGZDT08,25,,6,3,2019,8,30,Spotted Dove,n/a,n/a,1,y,Flying over,n,
Myanmar,Myeik,DT,MGZDT09,27,,6,3,2019,8,35,Common Myna,n/a,n/a,1,n,,y,
Myanmar,Myeik,DT,MGZDT09,27,,6,3,2019,8,35,Edible-nest Swiftlet ,n/a,n/a,3,y,Flying over,n,
Myanmar,Myeik,DT,MGZDT09,27,,6,3,2019,8,35,Eurasian Tree Sparrow,n/a,n/a,6,y,,n,
Myanmar,Myeik,DT,MGZDT09,27,,6,3,2019,8,35,House Crow,n/a,n/a,9,y,Flying over,n,
Myanmar,Myeik,DT,MGZDT09,27,,6,3,2019,8,35,Rock Pigeon ,n/a,n/a,2,y,,n,
Myanmar,Myeik,DT,MGZDT10,27,,6,3,2019,8,45,Large-billed Crow,n/a,n/a,3,y,Flying over,n,
Myanmar,Mawlamyine,UC,MAWUC01,22,,9,3,2019,5,53,Asian Koel,n/a,n/a,1,n,,y,
Myanmar,Mawlamyine,UC,MAWUC01,22,,9,3,2019,5,53,Ayerwaddy Bulbul,n/a,n/a,1,y,,n,
Myanmar,Mawlamyine,UC,MAWUC01,22,,9,3,2019,5,53,House Crow,n/a,n/a,5,y,,y,
Myanmar,Mawlamyine,UC,MAWUC01,22,,9,3,2019,5,53,Olive-backed Sunbird,n/a,n/a,2,y,,y,
Myanmar,Mawlamyine,UC,MAWUC01,22,,9,3,2019,5,53,Oriental Magpie Robin,n/a,n/a,1,n,,y,
Myanmar,Mawlamyine,UC,MAWUC01,22,,9,3,2019,5,53,Red-whiskered Bulbul,n/a,n/a,3,y,,y,
Myanmar,Mawlamyine,UC,MAWUC01,22,,9,3,2019,5,53,Rock Pigeon,n/a,n/a,4,n,,y,
Myanmar,Mawlamyine,UC,MAWUC02,22,,9,3,2019,6,10,Ayerwaddy Bulbul,n/a,n/a,4,y,,n,
Myanmar,Mawlamyine,UC,MAWUC02,22,,9,3,2019,6,10,Black Drongo,n/a,n/a,2,y,,n,
Myanmar,Mawlamyine,UC,MAWUC02,22,,9,3,2019,6,10,Common Myna,n/a,n/a,1,y,,n,
Myanmar,Mawlamyine,UC,MAWUC02,22,,9,3,2019,6,10,Common Tailorbird,n/a,n/a,1,y,,n,
Myanmar,Mawlamyine,UC,MAWUC02,22,,9,3,2019,6,10,Coppersmith Barbet,n/a,n/a,1,n,,y,
Myanmar,Mawlamyine,UC,MAWUC02,22,,9,3,2019,6,10,House Crow,n/a,n/a,4,y,,n,
Myanmar,Mawlamyine,UC,MAWUC02,22,,9,3,2019,6,10,Pond Heron (non-breeding),n/a,n/a,1,y,,n,
Myanmar,Mawlamyine,UC,MAWUC02,22,,9,3,2019,6,10,Red-vented Bulbul,n/a,n/a,1,y,,n,
Myanmar,Mawlamyine,UC,MAWUC02,22,,9,3,2019,6,10,Red-whiskered Bulbul,n/a,n/a,1,y,,n,
Myanmar,Mawlamyine,UC,MAWUC02,22,,9,3,2019,6,10,Taiga Flycatcher,n/a,n/a,1,y,,n,
Myanmar,Mawlamyine,UC,MAWUC02,22,,9,3,2019,6,10,Warbler sp.,n/a,n/a,1,y,,n,
Myanmar,Mawlamyine,UC,MAWUC03,24,,9,3,2019,6,30,Asian Koel,n/a,n/a,1,y,Flying over,n,
Myanmar,Mawlamyine,UC,MAWUC03,24,,9,3,2019,6,30,Black Drongo,n/a,n/a,1,y,,n,
Myanmar,Mawlamyine,UC,MAWUC03,24,,9,3,2019,6,30,Common Myna,n/a,n/a,1,y,,n,
Myanmar,Mawlamyine,UC,MAWUC03,24,,9,3,2019,6,30,Coppersmith Barbet,n/a,n/a,1,y,Flying over,n,
Myanmar,Mawlamyine,UC,MAWUC03,24,,9,3,2019,6,30,Eurasian Tree Sparrow,n/a,n/a,15,y,,n,
Myanmar,Mawlamyine,UC,MAWUC03,24,,9,3,2019,6,30,Greater Coucal,n/a,n/a,1,y,,y,
Myanmar,Mawlamyine,UC,MAWUC03,24,,9,3,2019,6,30,Red-whiskered Bulbul,n/a,n/a,2,y,On Tree,n,
Myanmar,Mawlamyine,UC,MAWUC03,24,,9,3,2019,6,30,Spotted Dove,n/a,n/a,1,y,,n,
Myanmar,Mawlamyine,UC,MAWUC03,24,,9,3,2019,6,30,White-throated Kingfisher,n/a,n/a,2,y,On Tree,n,
Myanmar,Mawlamyine,UC,MAWUC04,24,,9,3,2019,6,49,Ayerwaddy Bulbul,n/a,n/a,2,y,,n,
Myanmar,Mawlamyine,UC,MAWUC04,24,,9,3,2019,6,49,Common Myna,n/a,n/a,3,y,,n,
Myanmar,Mawlamyine,UC,MAWUC04,24,,9,3,2019,6,49,Common Tailorbird,n/a,n/a,1,y,,n,
Myanmar,Mawlamyine,UC,MAWUC04,24,,9,3,2019,6,49,Eurasian Tree Sparrow,n/a,n/a,9,y,,n,
Myanmar,Mawlamyine,UC,MAWUC04,24,,9,3,2019,6,49,Little Egret,n/a,n/a,2,y,,n,
Myanmar,Mawlamyine,UC,MAWUC04,24,,9,3,2019,6,49,Red-vented Bulbul,n/a,n/a,2,y,,n,
Myanmar,Mawlamyine,UC,MAWUC04,24,,9,3,2019,6,49,Red-whiskered Bulbul,n/a,n/a,1,y,,n,
Myanmar,Mawlamyine,UC,MAWUC04,24,,9,3,2019,6,49,Rock Pigeon,n/a,n/a,20,y,,n,
Myanmar,Mawlamyine,UC,MAWUC04,24,,9,3,2019,6,49,Spotted Dove,n/a,n/a,1,y,Flying over,n,
Myanmar,Mawlamyine,UC,MAWUC07,26,,9,3,2019,7,5,Asian Koel,n/a,n/a,1,y,,n,
Myanmar,Mawlamyine,UC,MAWUC07,26,,9,3,2019,7,5,Ayerwaddy Bulbul,n/a,n/a,2,y,,n,
Myanmar,Mawlamyine,UC,MAWUC07,26,,9,3,2019,7,5,Black Drongo,n/a,n/a,1,y,,n,
Myanmar,Mawlamyine,UC,MAWUC07,26,,9,3,2019,7,5,Common Iora,n/a,n/a,1,y,,n,
Myanmar,Mawlamyine,UC,MAWUC07,26,,9,3,2019,7,5,Common Myna,n/a,n/a,1,y,On the tree,n,
Myanmar,Mawlamyine,UC,MAWUC07,26,,9,3,2019,7,5,Coppersmith Barbet,n/a,n/a,1,y,On the tree,n,
Myanmar,Mawlamyine,UC,MAWUC07,26,,9,3,2019,7,5,Eurasian Tree Sparrow,n/a,n/a,8,y,,n,
Myanmar,Mawlamyine,UC,MAWUC07,26,,9,3,2019,7,5,Greater Coucal,n/a,n/a,1,y,Flying over,n,
Myanmar,Mawlamyine,UC,MAWUC07,26,,9,3,2019,7,5,House Crow,n/a,n/a,1,y,,n,
Myanmar,Mawlamyine,UC,MAWUC07,26,,9,3,2019,7,5,Red-whiskered Bulbul,n/a,n/a,10,y,On the tree,n,
Myanmar,Mawlamyine,UC,MAWUC07,26,,9,3,2019,7,5,Rock Pigeon,n/a,n/a,3,y,,n,
Myanmar,Mawlamyine,UC,MAWUC07,26,,9,3,2019,7,5,Spotted Dove,n/a,n/a,1,y,,n,
Myanmar,Mawlamyine,UC,MAWUC05,26,,9,3,2019,7,24,Common Myna,n/a ,n/a,2,y,,n,
Myanmar,Mawlamyine,UC,MAWUC05,26,,9,3,2019,7,24,Greater Coucal,n/a ,n/a,2,n,,y,
Myanmar,Mawlamyine,UC,MAWUC05,26,,9,3,2019,7,24,House Crow,n/a ,n/a,1,y,,n,
Myanmar,Mawlamyine,UC,MAWUC05,26,,9,3,2019,7,24,Little Green Bee-eater,n/a ,n/a,2,y,,n,
Myanmar,Mawlamyine,UC,MAWUC05,26,,9,3,2019,7,24,Oriental Magpie Robin ,n/a ,n/a,1,y,On Tree,n,
Myanmar,Mawlamyine,UC,MAWUC05,26,,9,3,2019,7,24,Rock Pigeon,n/a ,n/a,1,y,Flying over,n,
Myanmar,Mawlamyine,UC,MAWUC06,28,,9,3,2019,7,43,Asian Brown Flycatcher,n/a,n/a,1,y,On the tree,n,
Myanmar,Mawlamyine,UC,MAWUC06,28,,9,3,2019,7,43,Black Drongo,n/a,n/a,1,y,Flying over,n,
Myanmar,Mawlamyine,UC,MAWUC06,28,,9,3,2019,7,43,Common Iora,n/a,n/a,1,y,,n,
Myanmar,Mawlamyine,UC,MAWUC06,28,,9,3,2019,7,43,Common Tailorbird,n/a,n/a,1,y,,n,
Myanmar,Mawlamyine,UC,MAWUC06,28,,9,3,2019,7,43,Coppersmith Barbet,n/a,n/a,2,y,,n,
Myanmar,Mawlamyine,UC,MAWUC06,28,,9,3,2019,7,43,Little Green Bee-eater,n/a,n/a,1,y,Flying over,n,
Myanmar,Mawlamyine,UC,MAWUC06,28,,9,3,2019,7,43,Red-vented Bulbul,n/a,n/a,3,y,"On the tree, Flying over",n,
Myanmar,Mawlamyine,UC,MAWUC06,28,,9,3,2019,7,43,Red-whiskered Bulbul,n/a,n/a,1,y,On the tree,n,
Myanmar,Mawlamyine,UC,MAWUC06,28,,9,3,2019,7,43,Spotted Dove,n/a,n/a,2,y,On the tree,n,
Myanmar,Mawlamyine,UC,MAWUC08,28,,9,3,2019,8,2,Black Drongo,n/a,n/a,3,y,On the tree,n,
Myanmar,Mawlamyine,UC,MAWUC08,28,,9,3,2019,8,2,Black-naped Oriole,n/a,n/a,1,y,On the tree,n,
Myanmar,Mawlamyine,UC,MAWUC08,28,,9,3,2019,8,2,Common Iora,n/a,n/a,2,y,On the tree,n,
Myanmar,Mawlamyine,UC,MAWUC08,28,,9,3,2019,8,2,Common Myna,n/a,n/a,2,y,On the tree,n,
Myanmar,Mawlamyine,UC,MAWUC08,28,,9,3,2019,8,2,House Crow,n/a,n/a,2,y,Flying over,n,
Myanmar,Mawlamyine,UC,MAWUC08,28,,9,3,2019,8,2,Olive-backed Sunbird,n/a,n/a,1,y,On the tree,n,
Myanmar,Mawlamyine,UC,MAWUC08,28,,9,3,2019,8,2,Oriole,Juvenile,n/a,1,y,On the tree,n,
Myanmar,Mawlamyine,UC,MAWUC08,28,,9,3,2019,8,2,Red-vented Bulbul,n/a,n/a,1,y,On the tree,n,
Myanmar,Mawlamyine,UC,MAWUC08,28,,9,3,2019,8,2,Red-whiskered Bulbul,n/a,n/a,2,y,On the tree,n,
Myanmar,Mawlamyine,UC,MAWUC09,30,,9,3,2019,8,18,Ayerwaddy Bulbul,n/a,n/a,2,y,On the tree,n,
Myanmar,Mawlamyine,UC,MAWUC09,30,,9,3,2019,8,18,Common Myna,n/a,n/a,4,y,On the tree,n,
Myanmar,Mawlamyine,UC,MAWUC09,30,,9,3,2019,8,18,Eurasian Tree Sparrow,n/a,n/a,4,y,On the tree,n,
Myanmar,Mawlamyine,UC,MAWUC09,30,,9,3,2019,8,18,Greater Coucal,n/a,n/a,1,n,,y,
Myanmar,Mawlamyine,UC,MAWUC09,30,,9,3,2019,8,18,Oriental Magpie Robin,n/a,n/a,1,y,On the tree,n,
Myanmar,Mawlamyine,UC,MAWUC09,30,,9,3,2019,8,18,Red-vented Bulbul,n/a,n/a,1,y,On the tree,n,
Myanmar,Mawlamyine,UC,MAWUC09,30,,9,3,2019,8,18,Red-whiskered Bulbul,n/a,n/a,3,y,"On the tree, Flying over",n,
Myanmar,Mawlamyine,UC,MAWUC09,30,,9,3,2019,8,18,Scarlet-backed Flowerpecker,n/a,n/a,1,y,Flying over,n,
Myanmar,Mawlamyine,UC,MAWUC09,30,,9,3,2019,8,18,Spotted Dove,n/a,n/a,1,y,On the tree,n,
Myanmar,Mawlamyine,UC,MAWUC09,30,,9,3,2019,8,18,White-throated Kingfisher,n/a,n/a,1,y,On the tree,n,
Myanmar,Mawlamyine,UC,MAWUC10,32,,9,3,2019,8,39,Black Drongo,n/a,n/a,1,y,On the tree,n,
Myanmar,Mawlamyine,UC,MAWUC10,32,,9,3,2019,8,39,Common Myna,n/a,n/a,1,y,On the root,n,
Myanmar,Mawlamyine,UC,MAWUC10,32,,9,3,2019,8,39,Coppersmith Barbet,n/a,n/a,1,n,,y,
Myanmar,Mawlamyine,UC,MAWUC10,32,,9,3,2019,8,39,Eurasian Tree Sparrow,n/a,n/a,10,y,On the root,n,
Myanmar,Mawlamyine,UC,MAWUC10,32,,9,3,2019,8,39,House Crow,n/a,n/a,2,y ,On the tree,n,
Myanmar,Mawlamyine,UC,MAWUC10,32,,9,3,2019,8,39,Oriental Magpie Robin,n/a,n/a,1,y,On the tree,n,
Myanmar,Mawlamyine,UC,MAWUC10,32,,9,3,2019,8,39,Pond Heron (non-breeding),n/a,n/a,1,y,Flying over,n,
Myanmar,Mawlamyine,UC,MAWUC10,32,,9,3,2019,8,39,Red-vented Bulbul,n/a,n/a,4,y,On the tree,n,
Myanmar,Mawlamyine,UC,MAWUC10,32,,9,3,2019,8,39,Spotted Dove,n/a,n/a,2,y,On the tree,n,
Myanmar,Mawlamyine,UC,MAWUC10,32,,9,3,2019,8,39,Swift,n/a,n/a,1,y,Flying over,n,
Myanmar,Mawlamyine,MH,MAWMH03,23,,10,3,2019,5,46,Indian Nightjar,n/a,n/a,3,n,,y,Loud speaker noise on the hill
Myanmar,Mawlamyine,MH,MAWMH03,23,,10,3,2019,5,46,Red-whiskered Bulbul,n/a,n/a,1,n,,y,
Myanmar,Mawlamyine,MH,MAWMH04,23,,10,3,2019,6,9,Common Iora,n/a,n/a,1,n,,y,
Myanmar,Mawlamyine,MH,MAWMH04,23,,10,3,2019,6,9,Little Green Bee-eater,n/a,n/a,1,n,,y,
Myanmar,Mawlamyine,MH,MAWMH04,23,,10,3,2019,6,9,Olive-backed Sunbird,n/a,n/a,2,y,Flying over,n,
Myanmar,Mawlamyine,MH,MAWMH04,23,,10,3,2019,6,9,Red-vented Bulbul,n/a,n/a,3,n,,y,
Myanmar,Mawlamyine,MH,MAWMH07,21,,10,3,2019,6,29,Black Drongo,n/a,n/a,5,y,Flying over,n,
Myanmar,Mawlamyine,MH,MAWMH07,21,,10,3,2019,6,29,Little Green Bee-eater,n/a,n/a,1,y,,n,
Myanmar,Mawlamyine,MH,MAWMH07,21,,10,3,2019,6,29,Red-whiskered Bulbul,n/a,n/a,4,y,,y,
Myanmar,Mawlamyine,MH,MAWMH07,21,,10,3,2019,6,29,Thick-billed Green-pigeon,n/a,n/a,4,y,On the tree,n,
Myanmar,Mawlamyine,MH,MAWMH08,22,,10,3,2019,6,50,Red-vented Bulbul,n/a,n/a,3,y,,n,
Myanmar,Mawlamyine,MH,MAWMH08,22,,10,3,2019,6,50,Red-whiskered Bulbul,n/a,n/a,2,y,On the tree,n,
Myanmar,Mawlamyine,MH,MAWMH09,22,,10,3,2019,7,8,Ayerwaddy Bulbul,n/a,n/a,1,y,,n,
Myanmar,Mawlamyine,MH,MAWMH09,22,,10,3,2019,7,8,Black Drongo,n/a,n/a,1,y,Flying over,n,
Myanmar,Mawlamyine,MH,MAWMH09,22,,10,3,2019,7,8,Lineated Barbet,n/a,n/a,1,y,,n,
Myanmar,Mawlamyine,MH,MAWMH09,22,,10,3,2019,7,8,Olive-backed Pipit ,n/a,n/a,1,y,On the tree,n,
Myanmar,Mawlamyine,MH,MAWMH09,22,,10,3,2019,7,8,Red-vented Bulbul,n/a,n/a,4,y,On the tree,n,
Myanmar,Mawlamyine,MH,MAWMH09,22,,10,3,2019,7,8,Red-whiskered Bulbul,n/a,n/a,3,y,,n,
Myanmar,Mawlamyine,MH,MAWMH09,22,,10,3,2019,7,8,Spotted Dove,n/a,n/a,1,y,Flying over,n,
Myanmar,Mawlamyine,MH,MAWMH10,24,,10,3,2019,7,26,Black Drongo,n/a,n/a,1,y,On the tree,n,
Myanmar,Mawlamyine,MH,MAWMH10,24,,10,3,2019,7,26,Black-crested Bulbul,n/a,n/a,2,y,On the tree,n,
Myanmar,Mawlamyine,MH,MAWMH10,24,,10,3,2019,7,26,Common Kestrel,n/a,n/a,1,y,On the tree,n,
Myanmar,Mawlamyine,MH,MAWMH10,24,,10,3,2019,7,26,Dusky Warbler,n/a,n/a,1,n,,y,
Myanmar,Mawlamyine,MH,MAWMH10,24,,10,3,2019,7,26,Lineated Barbet,n/a,n/a,1,n,,y,
Myanmar,Mawlamyine,MH,MAWMH10,24,,10,3,2019,7,26,Red-vented Bulbul,n/a,n/a,2,y,Flying over,n,
Myanmar,Mawlamyine,MH,MAWMH10,24,,10,3,2019,7,26,Red-whiskered Bulbul,n/a,n/a,2,y,,n,
Myanmar,Mawlamyine,MH,MAWMH10,24,,10,3,2019,7,26,Rocket-tailed Treepie,n/a,n/a,2,y,On the tree,n,
Myanmar,Mawlamyine,MH,MAWMH05,24,,10,3,2019,8,10,Black Drongo,n/a,n/a,3,y,Flying over,n,
Myanmar,Mawlamyine,MH,MAWMH05,24,,10,3,2019,8,10,Black-crested Bulbul,n/a,n/a,2,y,"On the tree, Flying over",n,
Myanmar,Mawlamyine,MH,MAWMH05,24,,10,3,2019,8,10,Common Tailorbird,n/a,n/a,1,y,On the tree,n,
Myanmar,Mawlamyine,MH,MAWMH05,24,,10,3,2019,8,10,Olive-backed Sunbird,n/a,n/a,2,y,On the tree,n,
Myanmar,Mawlamyine,MH,MAWMH05,24,,10,3,2019,8,10,Red Junglefowl,n/a,n/a,1,n,,y,
Myanmar,Mawlamyine,MH,MAWMH05,24,,10,3,2019,8,10,Red-whiskered Bulbul,n/a,n/a,1,y,,n,
Myanmar,Mawlamyine,MH,MAWMH05,24,,10,3,2019,8,10,Stripe-throated Bulbul,n/a,n/a,2,y,On the tree,n,
Myanmar,Mawlamyine,MH,MAWMH06,24,,10,3,2019,8,27,Black Drongo,n/a,n/a,3,y,Flying over,n,
Myanmar,Mawlamyine,MH,MAWMH06,24,,10,3,2019,8,27,Red-vented Bulbul,n/a,n/a,5,y,On the tree,n,
Myanmar,Mawlamyine,MH,MAWMH06,24,,10,3,2019,8,27,Red-whiskered Bulbul,n/a,n/a,1,n,,y,
Myanmar,Mawlamyine,MH,MAWMH02,28,,10,3,2019,9,4,Common Kestrel,n/a,n/a,1,y,Flying over,n,
Myanmar,Mawlamyine,MH,MAWMH02,28,,10,3,2019,9,4,Puff-throated Babbler,n/a,n/a,1,n,,y,
Myanmar,Mawlamyine,MH,MAWMH02,28,,10,3,2019,9,4,Red-vented Bulbul,n/a,n/a,2,n,,y,
Myanmar,Mawlamyine,MH,MAWMH02,28,,10,3,2019,9,4,Red-whiskered Bulbul,n/a,n/a,2,y,,n,
Myanmar,Mawlamyine,MH,MAWMH02,28,,10,3,2019,9,4,Warbler sp.,n/a,n/a,1,y,On the tree,n,
Myanmar,Mawlamyine,MH,MAWMH01,29,,10,3,2019,9,25,Common Iora,n/a,n/a,1,n,,y,
Myanmar,Mawlamyine,PF,MAWPF08,19,,11,3,2019,6,3,Asian Palm Swift,n/a,n/a,1,y,,n,
Myanmar,Mawlamyine,PF,MAWPF08,19,,11,3,2019,6,3,Black Drongo,n/a,n/a,2,y,Flying Over,n,
Myanmar,Mawlamyine,PF,MAWPF08,19,,11,3,2019,6,3,Common Myna,n/a,n/a,6,y,On Wire Line,y,
Myanmar,Mawlamyine,PF,MAWPF08,19,,11,3,2019,6,3,Eastern Stonechat,n/a,n/a,1,y,Ground,n,
Myanmar,Mawlamyine,PF,MAWPF08,19,,11,3,2019,6,3,Pied Bushchat,n/a,n/a,1,y,Ground,n,
Myanmar,Mawlamyine,PF,MAWPF08,19,,11,3,2019,6,3,Red-whiskered Bulbul,n/a,n/a,11,y,,n,
Myanmar,Mawlamyine,PF,MAWPF07,19,,11,3,2019,6,27,Asian Palm Swift,n/a,n/a,4,y,Flying Over,n,
Myanmar,Mawlamyine,PF,MAWPF07,19,,11,3,2019,6,27,Black Drongo,n/a,n/a,3,y,Flying Over,n,
Myanmar,Mawlamyine,PF,MAWPF07,19,,11,3,2019,6,27,Common Myna,n/a,n/a,2,y,On Tree,n,
Myanmar,Mawlamyine,PF,MAWPF07,19,,11,3,2019,6,27,Eastern Stonechat,n/a,Female,1,y,Flying Over,n,
Myanmar,Mawlamyine,PF,MAWPF07,19,,11,3,2019,6,27,House Sparrow,n/a,n/a,3,n,,y,
Myanmar,Mawlamyine,PF,MAWPF07,19,,11,3,2019,6,27,Oriental Honey-buzzard,n/a,n/a,1,y,Flying Over,n,
Myanmar,Mawlamyine,PF,MAWPF07,19,,11,3,2019,6,27,Oriental Magpie Robin,n/a,n/a,1,y ,On Tree,n,
Myanmar,Mawlamyine,PF,MAWPF07,19,,11,3,2019,6,27,Red-vented Bulbul,n/a,n/a,2,y,On Tree,y,
Myanmar,Mawlamyine,PF,MAWPF07,19,,11,3,2019,6,27,Red-whiskered Bulbul,n/a,n/a,1,n,,y,
Myanmar,Mawlamyine,PF,MAWPF07,19,,11,3,2019,6,27,Scaly-breasted Munia,n/a,n/a,3,y,On Haystack,n,
Myanmar,Mawlamyine,PF,MAWPF07,19,,11,3,2019,6,27,Zitting Cisticola,n/a,n/a,1,n,,y,
Myanmar,Mawlamyine,PF,MAWPF06,20,,11,3,2019,6,47,Barn Swallow ,n/a,n/a,8,y,On Wire Line,n,
Myanmar,Mawlamyine,PF,MAWPF06,20,,11,3,2019,6,47,Black Drongo,n/a,n/a,3,y,On Wire Line,n,
Myanmar,Mawlamyine,PF,MAWPF06,20,,11,3,2019,6,47,Common Myna,n/a,n/a,2,y,On Wire Line,n,
Myanmar,Mawlamyine,PF,MAWPF06,20,,11,3,2019,6,47,Eastern Stonechat,n/a,"Male, Female",3,y,On Bush,n,
Myanmar,Mawlamyine,PF,MAWPF06,20,,11,3,2019,6,47,Oriental Honey-buzzard,n/a,n/a,1,y,Flying Over,n,
Myanmar,Mawlamyine,PF,MAWPF06,20,,11,3,2019,6,47,Red-vented Bulbul,n/a,n/a,4,y,On Wire Line,n,
Myanmar,Mawlamyine,PF,MAWPF06,20,,11,3,2019,6,47,Spotted Dove,n/a,n/a,1,y,Flying Over,n,
Myanmar,Mawlamyine,PF,MAWPF05,20,,11,3,2019,7,9,Barn Swallow,n/a,n/a,2,y,Flying Over,n,
Myanmar,Mawlamyine,PF,MAWPF05,20,,11,3,2019,7,9,Bluethroat,n/a,n/a,2,y,On ground,n,
Myanmar,Mawlamyine,PF,MAWPF05,20,,11,3,2019,7,9,Brown Shrike,n/a,n/a,2,y,On Tree,n,
Myanmar,Mawlamyine,PF,MAWPF05,20,,11,3,2019,7,9,Common Myna,n/a,n/a,3,y,On Tree,n,
Myanmar,Mawlamyine,PF,MAWPF05,20,,11,3,2019,7,9,Eastern Stonechat,n/a,"Male, Female",4,y,On Grass,n,
Myanmar,Mawlamyine,PF,MAWPF05,20,,11,3,2019,7,9,Little Green Bee-eater,n/a,n/a,1,y,On Wire Line,n,
Myanmar,Mawlamyine,PF,MAWPF05,20,,11,3,2019,7,9,Pied Bushchat,n/a,Female,2,y,On Bush,n,
Myanmar,Mawlamyine,PF,MAWPF05,20,,11,3,2019,7,9,Plain Prinia,n/a,n/a,1,y,On Tree,n,
Myanmar,Mawlamyine,PF,MAWPF05,20,,11,3,2019,7,9,Scaly-breasted Munia,n/a,n/a,2,y,"On Tree, On Ground",n,
Myanmar,Mawlamyine,PF,MAWPF01,22,,11,3,2019,7,39,Asian Palm Swift,n/a,n/a,3,y,Flying Over,n,
Myanmar,Mawlamyine,PF,MAWPF01,22,,11,3,2019,7,39,Barn Swallow,n/a,n/a,1,y,Flying Over,n,
Myanmar,Mawlamyine,PF,MAWPF01,22,,11,3,2019,7,39,Black Drongo,n/a,n/a,5,y,On Cow,n,
Myanmar,Mawlamyine,PF,MAWPF01,22,,11,3,2019,7,39,Eastern Stonechat,n/a,n/a,2,y,On Paddyfield,n,
Myanmar,Mawlamyine,PF,MAWPF01,22,,11,3,2019,7,39,Red-vented Bulbul,n/a,n/a,2,y,Flying Over,n,
Myanmar,Mawlamyine,PF,MAWPF01,22,,11,3,2019,7,39,Scaly-breasted Munia,n/a,n/a,7,y,Flying Over,n,
Myanmar,Mawlamyine,PF,MAWPF01,22,,11,3,2019,7,39,Zitting Cisticola,n/a,n/a,1,y,On Paddyfield,n,
Myanmar,Mawlamyine,PF,MAWPF02,23,,11,3,2019,7,57,Barn Swallow,n/a,n/a,1,y,Flying Over,n,Noise
Myanmar,Mawlamyine,PF,MAWPF02,23,,11,3,2019,7,57,Black Drongo,n/a,n/a,1,y,On Cow,n,Noise
Myanmar,Mawlamyine,PF,MAWPF02,23,,11,3,2019,7,57,Chestnut Munia,n/a,n/a,2,y,On Paddyfield,n,Noise
Myanmar,Mawlamyine,PF,MAWPF02,23,,11,3,2019,7,57,Eastern Stonechat,n/a,n/a,3,y,Flying Over,n,Noise
Myanmar,Mawlamyine,PF,MAWPF02,23,,11,3,2019,7,57,Pipit sp.,n/a,n/a,1,y,On Paddyfield,n,Noise
Myanmar,Mawlamyine,PF,MAWPF02,23,,11,3,2019,7,57,Plain Prinia,n/a,n/a,1,y,On Paddyfield,n,Noise
Myanmar,Mawlamyine,PF,MAWPF03,24,,11,3,2019,8,14,Asian Palm Swift,n/a,n/a,5,y,Flying Over,n,
Myanmar,Mawlamyine,PF,MAWPF03,24,,11,3,2019,8,14,Black Drongo,n/a,n/a,5,y,On Tree,n,
Myanmar,Mawlamyine,PF,MAWPF03,24,,11,3,2019,8,14,Black Kite,n/a,n/a,1,y,Flying Over,n,
Myanmar,Mawlamyine,PF,MAWPF03,24,,11,3,2019,8,14,Common Myna,n/a,n/a,3,y,On Tree,n,
Myanmar,Mawlamyine,PF,MAWPF03,24,,11,3,2019,8,14,Intermediate Egret,n/a,n/a,1,y,Flying Over,n,
Myanmar,Mawlamyine,PF,MAWPF03,24,,11,3,2019,8,14,Zitting Cisticola,n/a,n/a,3,y,On Farm,n,
Myanmar,Mawlamyine,PF,MAWPF04,26,,11,3,2019,8,30,Asian Palm Swift,n/a,n/a,4,y,Flying Over,n,
Myanmar,Mawlamyine,PF,MAWPF04,26,,11,3,2019,8,30,Black Drongo,n/a,n/a,5,y,Flying Over,n,
Myanmar,Mawlamyine,PF,MAWPF04,26,,11,3,2019,8,30,Cattle Egret,n/a,n/a,9,y,On Farm,n,
Myanmar,Mawlamyine,PF,MAWPF04,26,,11,3,2019,8,30,Common Myna,n/a,n/a,2,y,Flying Over,n,
Myanmar,Mawlamyine,PF,MAWPF04,26,,11,3,2019,8,30,Little Egret,n/a,n/a,1,y,On Farm,n,
Myanmar,Mawlamyine,PF,MAWPF04,26,,11,3,2019,8,30,Plaintive Cuckoo,n/a,"Male, Female",2,y,On Farm,n,
Myanmar,Mawlamyine,PF,MAWPF04,26,,11,3,2019,8,30,Eastern Stonechat,n/a,n/a,1,y,On Farm,n,
Myanmar,Mawlamyine,PF,MAWPF10,27,,11,3,2019,9,6,Asian Palm Swift,n/a,n/a,2,y,Flying Over,n,
Myanmar,Mawlamyine,PF,MAWPF10,27,,11,3,2019,9,6,Black Drongo,n/a,n/a,1,y,On Farm,y,
Myanmar,Mawlamyine,PF,MAWPF10,27,,11,3,2019,9,6,Black Kite,n/a,n/a,1,y,Flying Over,n,
Myanmar,Mawlamyine,PF,MAWPF10,27,,11,3,2019,9,6,Common Myna,n/a,n/a,2,y ,On Tree,n,
Myanmar,Mawlamyine,PF,MAWPF10,27,,11,3,2019,9,6,Eastern Stonechat,n/a,Female,1,y,On Farm,y,
Myanmar,Mawlamyine,PF,MAWPF10,27,,11,3,2019,9,6,Jungle Crow,n/a,n/a,1,n,,y,
Myanmar,Mawlamyine,PF,MAWPF10,27,,11,3,2019,9,6,Plaintive Cuckoo,n/a,Male,6,y,Near Lake,y,
Myanmar,Mawlamyine,PF,MAWPF09,28,,11,3,2019,9,29,Asian Palm Swift,n/a,n/a,5,y,"On Farm, Flying Over",n,
Myanmar,Mawlamyine,PF,MAWPF09,28,,11,3,2019,9,29,Black Drongo,n/a,n/a,3,y,"On Cow, On Wire Line",n,
Myanmar,Mawlamyine,PF,MAWPF09,28,,11,3,2019,9,29,Brown Shrike,n/a,n/a,1,n,,y,
Myanmar,Mawlamyine,PF,MAWPF09,28,,11,3,2019,9,29,Common Myna,n/a,n/a,2,y,Flying Over,n,
Myanmar,Mawlamyine,PF,MAWPF09,28,,11,3,2019,9,29,Eastern Stonechat,n/a,"Male, Female",2,y,On Farm,n,
Myanmar,Mawlamyine,PF,MAWPF09,28,,11,3,2019,9,29,Jungle Crow,n/a,n/a,1,n,,y,
Myanmar,Mawlamyine,PF,MAWPF09,28,,11,3,2019,9,29,Red-vented Bulbul,n/a,n/a,2,y,On Farm,n,
Myanmar,Mawlamyine,PF,MAWPF09,28,,11,3,2019,9,29,Rock Pigeon ,n/a,n/a,3,y,"Flying Over, On Wire Line",n,
